,all_awardings,allow_live_comments,author,author_flair_background_color,author_flair_css_class,author_flair_text,author_flair_text_color,awarders,banned_by,can_mod_post,contest_mode,created_utc,domain,full_link,gildings,id,is_crosspostable,is_meta,is_original_content,is_reddit_media_domain,is_robot_indexable,is_self,is_video,link_flair_background_color,link_flair_richtext,link_flair_text_color,link_flair_type,locked,media_only,no_follow,num_comments,num_crossposts,over_18,parent_whitelist_status,permalink,pinned,pwls,removed_by_category,retrieved_on,score,send_replies,spoiler,stickied,subreddit,subreddit_id,subreddit_subscribers,subreddit_type,thumbnail,title,total_awards_received,treatment_tags,upvote_ratio,url,whitelist_status,wls,author_flair_richtext,author_flair_type,author_fullname,author_patreon_flair,author_premium,selftext,author_flair_template_id,post_hint,preview
0,[],False,[deleted],,,,dark,[],moderators,False,False,1617136901,self.AskMen,https://www.reddit.com/r/AskMen/comments/mgphwr/im_trying_really_hard_to_overcome_my_insecurities/,{},mgphwr,False,False,False,False,False,True,False,,[],dark,text,False,False,True,1,0,False,all_ads,/r/AskMen/comments/mgphwr/im_trying_really_hard_to_overcome_my_insecurities/,False,6,deleted,1617136912,1,True,False,False,AskMen,t5_2s30g,2503306,public,default,"I‚Äôm trying really hard to overcome my insecurities about body hair, does anyone have advice for me?",0,[],1.0,https://www.reddit.com/r/AskMen/comments/mgphwr/im_trying_really_hard_to_overcome_my_insecurities/,all_ads,6,,,,,,,,,
1,[],False,latdt,,,,,[],,False,False,1617136770,self.AskMen,https://www.reddit.com/r/AskMen/comments/mgpg4k/men_of_reddit_how_do_you_shave_your_intimate_parts/,{},mgpg4k,False,False,False,False,False,True,False,,[],dark,text,False,False,True,1,0,False,all_ads,/r/AskMen/comments/mgpg4k/men_of_reddit_how_do_you_shave_your_intimate_parts/,False,6,moderator,1617136781,1,True,False,False,AskMen,t5_2s30g,2503306,public,self,"Men of Reddit, how do you shave your intimate parts?",0,[],1.0,https://www.reddit.com/r/AskMen/comments/mgpg4k/men_of_reddit_how_do_you_shave_your_intimate_parts/,all_ads,6,[],text,t2_68xtw6cq,False,False,[removed],,,
2,[],False,ironhead50,,,,,[],,False,False,1617136688,self.AskMen,https://www.reddit.com/r/AskMen/comments/mgpf36/how_do_you_cope_with_friends_drifting_away/,{},mgpf36,False,False,False,False,False,True,False,,[],dark,text,False,False,True,1,0,False,all_ads,/r/AskMen/comments/mgpf36/how_do_you_cope_with_friends_drifting_away/,False,6,moderator,1617136698,1,True,False,False,AskMen,t5_2s30g,2503305,public,self,How do you cope with friends drifting away?,0,[],1.0,https://www.reddit.com/r/AskMen/comments/mgpf36/how_do_you_cope_with_friends_drifting_away/,all_ads,6,[],text,t2_3glvmprb,False,False,[removed],,,
3,[],False,Pepedada,,,,,[],,False,False,1617136677,self.AskMen,https://www.reddit.com/r/AskMen/comments/mgpeyc/how_do_you_hug_a_girl/,{},mgpeyc,True,False,False,False,True,True,False,,[],dark,text,False,False,True,0,0,False,all_ads,/r/AskMen/comments/mgpeyc/how_do_you_hug_a_girl/,False,6,,1617136688,1,True,False,False,AskMen,t5_2s30g,2503305,public,self,How do you hug a girl?,0,[],1.0,https://www.reddit.com/r/AskMen/comments/mgpeyc/how_do_you_hug_a_girl/,all_ads,6,[],text,t2_7ia7jibm,False,False,"Yes, never done it or ever tried to. It still scares me as to should a press our chest together and let her boobs touch my body or have this wierd gap between our upper body. Reddit is the only place I could ask this. Please help me out",,,
4,[],False,_SomethingMaybe,,,,,[],,False,False,1617136564,self.AskMen,https://www.reddit.com/r/AskMen/comments/mgpdia/men_of_reddit_what_was_your_biggest_most_life/,{},mgpdia,False,False,False,False,False,True,False,,[],dark,text,False,False,True,0,0,False,all_ads,/r/AskMen/comments/mgpdia/men_of_reddit_what_was_your_biggest_most_life/,False,6,moderator,1617136575,1,True,False,False,AskMen,t5_2s30g,2503299,public,self,"Men of reddit, what was your biggest / most life altering decision ( that you followed through on ) that you made with post nut clarity?",0,[],1.0,https://www.reddit.com/r/AskMen/comments/mgpdia/men_of_reddit_what_was_your_biggest_most_life/,all_ads,6,[],text,t2_6iefmxrz,False,False,[removed],,,
5,[],False,throwaway574556,,,,,[],,False,False,1617136440,self.AskMen,https://www.reddit.com/r/AskMen/comments/mgpbyx/how_to_get_rid_of_porn_and_masurbation_addiction/,{},mgpbyx,False,False,False,False,False,True,False,,[],dark,text,False,False,True,0,0,False,all_ads,/r/AskMen/comments/mgpbyx/how_to_get_rid_of_porn_and_masurbation_addiction/,False,6,moderator,1617136451,1,True,False,False,AskMen,t5_2s30g,2503300,public,self,How to get rid of porn and masurbation addiction,0,[],1.0,https://www.reddit.com/r/AskMen/comments/mgpbyx/how_to_get_rid_of_porn_and_masurbation_addiction/,all_ads,6,[],text,t2_b8k1um0u,False,False,[removed],,,
6,[],False,Tiestotti,,,,,[],,False,False,1617136328,self.AskMen,https://www.reddit.com/r/AskMen/comments/mgpal7/can_you_please_recommend_a_good_site_or_app_for/,{},mgpal7,False,False,False,False,False,True,False,,[],dark,text,False,False,True,1,0,False,all_ads,/r/AskMen/comments/mgpal7/can_you_please_recommend_a_good_site_or_app_for/,False,6,moderator,1617136340,1,True,False,False,AskMen,t5_2s30g,2503298,public,self,can you please recommend a good site or app for anonymous advise for men?,0,[],1.0,https://www.reddit.com/r/AskMen/comments/mgpal7/can_you_please_recommend_a_good_site_or_app_for/,all_ads,6,[],text,t2_4y2s7rcj,False,False,[removed],,,
7,[],False,ChineseKoiCarp,,,,,[],,False,False,1617136306,self.AskMen,https://www.reddit.com/r/AskMen/comments/mgpabh/why_dont_you_give_money_to_the_person_begging_for/,{},mgpabh,True,False,False,False,True,True,False,,[],dark,text,False,False,True,0,0,False,all_ads,/r/AskMen/comments/mgpabh/why_dont_you_give_money_to_the_person_begging_for/,False,6,,1617136317,1,True,False,False,AskMen,t5_2s30g,2503298,public,self,Why don't you give money to the person begging for money?,0,[],1.0,https://www.reddit.com/r/AskMen/comments/mgpabh/why_dont_you_give_money_to_the_person_begging_for/,all_ads,6,[],text,t2_5c5g8a8e,False,False,,,,
8,[],False,serj-infos,,,,,[],,False,False,1617136085,self.AskMen,https://www.reddit.com/r/AskMen/comments/mgp7h7/help/,{},mgp7h7,False,False,False,False,False,True,False,,[],dark,text,False,False,True,0,0,False,all_ads,/r/AskMen/comments/mgp7h7/help/,False,6,moderator,1617136095,1,True,False,False,AskMen,t5_2s30g,2503297,public,self,Help,0,[],1.0,https://www.reddit.com/r/AskMen/comments/mgp7h7/help/,all_ads,6,[],text,t2_amngudn0,False,False,[removed],,,
9,[],False,ilikemyface3,,,,,[],,False,False,1617136083,self.AskMen,https://www.reddit.com/r/AskMen/comments/mgp7gi/how_funny_would_you_consider_yourself/,{},mgp7gi,True,False,False,False,True,True,False,,[],dark,text,False,False,True,0,0,False,all_ads,/r/AskMen/comments/mgp7gi/how_funny_would_you_consider_yourself/,False,6,,1617136094,1,True,False,False,AskMen,t5_2s30g,2503297,public,self,How funny would you consider yourself?,0,[],1.0,https://www.reddit.com/r/AskMen/comments/mgp7gi/how_funny_would_you_consider_yourself/,all_ads,6,[],text,t2_q720mj3,False,False,,,,
10,[],False,MrNiceGuy449,,,,,[],,False,False,1617136070,self.AskMen,https://www.reddit.com/r/AskMen/comments/mgp7am/which_would_you_prefer_dating_a_girl_who_youre/,{},mgp7am,False,False,False,False,False,True,False,,[],dark,text,False,False,True,1,0,False,all_ads,/r/AskMen/comments/mgp7am/which_would_you_prefer_dating_a_girl_who_youre/,False,6,moderator,1617136081,1,True,False,False,AskMen,t5_2s30g,2503296,public,self,Which would you prefer: Dating a girl who you're only moderately interested in or telling her you're not interested knowing it'll be a while before you meet anyone else?,0,[],1.0,https://www.reddit.com/r/AskMen/comments/mgp7am/which_would_you_prefer_dating_a_girl_who_youre/,all_ads,6,[],text,t2_a0xd5ri0,False,False,[removed],,,
11,[],False,theanalogworld,,,,,[],,False,False,1617136023,self.AskMen,https://www.reddit.com/r/AskMen/comments/mgp6pa/guys_how_do_you_usually_go_about_scheduling_a/,{},mgp6pa,True,False,False,False,True,True,False,,[],dark,text,False,False,True,0,0,False,all_ads,/r/AskMen/comments/mgp6pa/guys_how_do_you_usually_go_about_scheduling_a/,False,6,,1617136034,1,True,False,False,AskMen,t5_2s30g,2503293,public,self,"Guys, how do you usually go about scheduling a follow up date with someone?",0,[],0.99,https://www.reddit.com/r/AskMen/comments/mgp6pa/guys_how_do_you_usually_go_about_scheduling_a/,all_ads,6,[],text,t2_7ffk7tb8,False,False,"Easing my way back into the dating scene and just went on a really great date last night, sent a follow up message last night saying I enjoyed it and would like to see her again. She said definitely and that she had a good time. 

Would you leave the message at that and message her again in a couple days? Or would you respond to her last message and say something like ‚Äúglad you enjoyed it, I‚Äôll hit you up later this week and maybe we can plan something else to get into.‚Äù ? 

Just don‚Äôt want to seem overbearing but also don‚Äôt want to seem uninterested!",,,
12,[],False,escott244,,,,,[],,False,False,1617135899,self.AskMen,https://www.reddit.com/r/AskMen/comments/mgp54u/loser_friends_crack_jokes_about_my_choices/,{},mgp54u,False,False,False,False,False,True,False,,[],dark,text,False,False,True,1,0,False,all_ads,/r/AskMen/comments/mgp54u/loser_friends_crack_jokes_about_my_choices/,False,6,moderator,1617135910,1,True,False,False,AskMen,t5_2s30g,2503291,public,self,Loser friends crack jokes about my choices,0,[],1.0,https://www.reddit.com/r/AskMen/comments/mgp54u/loser_friends_crack_jokes_about_my_choices/,all_ads,6,[],text,t2_6mbd7bqv,False,False,[removed],,,
13,[],False,itsmezain,,,,,[],,False,False,1617135750,self.AskMen,https://www.reddit.com/r/AskMen/comments/mgp35a/men_of_reddit_what_age_did_you_stop_growing_in/,{},mgp35a,True,False,False,False,True,True,False,,[],dark,text,False,False,False,0,0,False,all_ads,/r/AskMen/comments/mgp35a/men_of_reddit_what_age_did_you_stop_growing_in/,False,6,,1617135762,1,True,False,False,AskMen,t5_2s30g,2503288,public,self,"Men of reddit, what age did you stop growing in height? How tall were you at 17 compared to now? How many inches did you grow?",0,[],1.0,https://www.reddit.com/r/AskMen/comments/mgp35a/men_of_reddit_what_age_did_you_stop_growing_in/,all_ads,6,[],text,t2_6honvydq,False,False,,,,
14,[],False,Twattytit,,,,,[],,False,False,1617135714,self.AskMen,https://www.reddit.com/r/AskMen/comments/mgp2oo/how_do_you_deal_with_relations_that_have_too_high/,{},mgp2oo,False,False,False,False,False,True,False,,[],dark,text,False,False,True,1,0,False,all_ads,/r/AskMen/comments/mgp2oo/how_do_you_deal_with_relations_that_have_too_high/,False,6,moderator,1617135725,1,True,False,False,AskMen,t5_2s30g,2503288,public,self,How do you deal with relations that have too high expectations?,0,[],1.0,https://www.reddit.com/r/AskMen/comments/mgp2oo/how_do_you_deal_with_relations_that_have_too_high/,all_ads,6,[],text,t2_aa9i8dj1,False,False,[removed],,,
15,[],False,redandpinkrosess,#eb3305,female,Female,light,[],,False,False,1617135665,self.AskMen,https://www.reddit.com/r/AskMen/comments/mgp22u/men_of_reddit_what_is_one_compliment_you_do_and/,{},mgp22u,True,False,False,False,True,True,False,,[],dark,text,False,False,False,0,0,False,all_ads,/r/AskMen/comments/mgp22u/men_of_reddit_what_is_one_compliment_you_do_and/,False,6,,1617135675,1,True,False,False,AskMen,t5_2s30g,2503288,public,self,"Men of Reddit, what is one compliment you do and will always remember?",0,[],1.0,https://www.reddit.com/r/AskMen/comments/mgp22u/men_of_reddit_what_is_one_compliment_you_do_and/,all_ads,6,"[{'e': 'text', 't': 'Female'}]",richtext,t2_85m9wpp1,False,False,"I‚Äôve just seen a post in r/casual_conversation about a guy having the biggest smile after being complemented. So it struck the question, do you guys really not get complimented much? What is one compliment that makes you happy every time you remember it?",f17b2dd0-cd16-11e1-b564-12313d051e91,,
16,[],False,Tartanclan,,,,,[],,False,False,1617135660,self.AskMen,https://www.reddit.com/r/AskMen/comments/mgp20p/what_makes_a_man_and_how_does_a_young_guy_act/,{},mgp20p,True,False,False,False,True,True,False,,[],dark,text,False,False,True,0,0,False,all_ads,/r/AskMen/comments/mgp20p/what_makes_a_man_and_how_does_a_young_guy_act/,False,6,,1617135671,1,True,False,False,AskMen,t5_2s30g,2503288,public,self,What makes a man? And how does a young guy act like a man?,0,[],1.0,https://www.reddit.com/r/AskMen/comments/mgp20p/what_makes_a_man_and_how_does_a_young_guy_act/,all_ads,6,[],text,t2_562wlcsi,False,False,"M23 


Growing up I was raised by a single mum and not had many father figures/role models.",,,
17,[],False,Twattytit,,,,,[],,False,False,1617135649,self.AskMen,https://www.reddit.com/r/AskMen/comments/mgp1w8/how_do_you_deal_with_relations_that_have_too_high/,{},mgp1w8,False,False,False,False,False,True,False,,[],dark,text,False,False,True,1,0,False,all_ads,/r/AskMen/comments/mgp1w8/how_do_you_deal_with_relations_that_have_too_high/,False,6,moderator,1617135659,1,True,False,False,AskMen,t5_2s30g,2503288,public,self,How do you deal with relations that have too high expectations?,0,[],1.0,https://www.reddit.com/r/AskMen/comments/mgp1w8/how_do_you_deal_with_relations_that_have_too_high/,all_ads,6,[],text,t2_aa9i8dj1,False,False,[removed],,,
18,[],False,Twattytit,,,,,[],,False,False,1617135603,self.AskMen,https://www.reddit.com/r/AskMen/comments/mgp1bj/how_do_you_deal_with_close_relations_that_have/,{},mgp1bj,False,False,False,False,False,True,False,,[],dark,text,False,False,True,1,0,False,all_ads,/r/AskMen/comments/mgp1bj/how_do_you_deal_with_close_relations_that_have/,False,6,moderator,1617135614,1,True,False,False,AskMen,t5_2s30g,2503285,public,self,How do you deal with close relations that have too high expectations?,0,[],1.0,https://www.reddit.com/r/AskMen/comments/mgp1bj/how_do_you_deal_with_close_relations_that_have/,all_ads,6,[],text,t2_aa9i8dj1,False,False,[removed],,,
19,[],False,freakofnature_93,,,,,[],,False,False,1617135408,self.AskMen,https://www.reddit.com/r/AskMen/comments/mgoyq3/should_i_use_wd40_to_get_the_rust_off_of_my/,{},mgoyq3,False,False,False,False,False,True,False,,[],dark,text,False,False,True,1,0,False,all_ads,/r/AskMen/comments/mgoyq3/should_i_use_wd40_to_get_the_rust_off_of_my/,False,6,moderator,1617135419,1,True,False,False,AskMen,t5_2s30g,2503278,public,self,Should I use WD-40 to get the rust off of my dumbbells?? Or is there a better way to go about getting it off? Thanks in advance!,0,[],1.0,https://www.reddit.com/r/AskMen/comments/mgoyq3/should_i_use_wd40_to_get_the_rust_off_of_my/,all_ads,6,[],text,t2_77mp71mx,False,False,[removed],,,
20,[],False,AceTember,,,,,[],,False,False,1617135275,self.AskMen,https://www.reddit.com/r/AskMen/comments/mgowxc/should_i_m18_refrain_from_making_a_custom/,{},mgowxc,False,False,False,False,False,True,False,,[],dark,text,False,False,True,1,0,False,all_ads,/r/AskMen/comments/mgowxc/should_i_m18_refrain_from_making_a_custom/,False,6,moderator,1617135292,1,True,False,False,AskMen,t5_2s30g,2503277,public,self,Should I (m18) refrain from making a custom university hoodie for myself to where at said university?,0,[],1.0,https://www.reddit.com/r/AskMen/comments/mgowxc/should_i_m18_refrain_from_making_a_custom/,all_ads,6,[],text,t2_38lsnlwq,False,False,[removed],,,
21,[],False,urlesbiandads,,,,,[],,False,False,1617135080,self.AskMen,https://www.reddit.com/r/AskMen/comments/mgouc8/men_of_reddit_would_you_judge_a_woman_if_she/,{},mgouc8,False,False,False,False,False,True,False,,[],dark,text,False,False,True,1,0,False,all_ads,/r/AskMen/comments/mgouc8/men_of_reddit_would_you_judge_a_woman_if_she/,False,6,moderator,1617135091,1,True,False,False,AskMen,t5_2s30g,2503277,public,self,"Men of Reddit, would you judge a woman if she stopped shaving her legs?",0,[],1.0,https://www.reddit.com/r/AskMen/comments/mgouc8/men_of_reddit_would_you_judge_a_woman_if_she/,all_ads,6,[],text,t2_565my2uw,False,False,[removed],,,
22,[],False,urlesbiandads,,,,,[],,False,False,1617135020,self.AskMen,https://www.reddit.com/r/AskMen/comments/mgotjt/men_of_reddit_would_you_find_it_unattractive_if_a/,{},mgotjt,False,False,False,False,False,True,False,,[],dark,text,False,False,True,1,0,False,all_ads,/r/AskMen/comments/mgotjt/men_of_reddit_would_you_find_it_unattractive_if_a/,False,6,moderator,1617135032,1,True,False,False,AskMen,t5_2s30g,2503276,public,self,"Men of reddit, would you find it unattractive if a woman stopped shaving her body hair?",0,[],1.0,https://www.reddit.com/r/AskMen/comments/mgotjt/men_of_reddit_would_you_find_it_unattractive_if_a/,all_ads,6,[],text,t2_565my2uw,False,False,[removed],,,
23,[],False,Imnotyourbuddytool,,,,,[],,False,False,1617134985,self.AskMen,https://www.reddit.com/r/AskMen/comments/mgot1i/if_an_employer_has_an_issue_with_long_hair_on_men/,{},mgot1i,False,False,False,False,False,True,False,,[],dark,text,False,False,True,1,0,False,all_ads,/r/AskMen/comments/mgot1i/if_an_employer_has_an_issue_with_long_hair_on_men/,False,6,moderator,1617134995,1,True,False,False,AskMen,t5_2s30g,2503275,public,self,"If an employer has an issue with long hair on men, is it a problem with the hair or the gender? Or both?",0,[],1.0,https://www.reddit.com/r/AskMen/comments/mgot1i/if_an_employer_has_an_issue_with_long_hair_on_men/,all_ads,6,[],text,t2_8n1uufy,False,False,[removed],,,
24,[],False,urlesbiandads,,,,,[],,False,False,1617134864,self.AskMen,https://www.reddit.com/r/AskMen/comments/mgorcm/men_of_reddit_would_you_find_it_unattractive_if_a/,{},mgorcm,False,False,False,False,False,True,False,,[],dark,text,False,False,True,1,0,False,all_ads,/r/AskMen/comments/mgorcm/men_of_reddit_would_you_find_it_unattractive_if_a/,False,6,moderator,1617134874,1,True,False,False,AskMen,t5_2s30g,2503273,public,self,"Men of reddit, would you find it unattractive if a woman does not shave her legs?",0,[],1.0,https://www.reddit.com/r/AskMen/comments/mgorcm/men_of_reddit_would_you_find_it_unattractive_if_a/,all_ads,6,[],text,t2_565my2uw,False,False,[removed],,,
25,[],False,Pineapplesorbett,,,,,[],,False,False,1617134768,self.AskMen,https://www.reddit.com/r/AskMen/comments/mgoq2k/i_20f_started_letting_my_bf_26m_pay_for_things/,{},mgoq2k,False,False,False,False,False,True,False,,[],dark,text,False,False,True,0,0,False,all_ads,/r/AskMen/comments/mgoq2k/i_20f_started_letting_my_bf_26m_pay_for_things/,False,6,moderator,1617134778,1,True,False,False,AskMen,t5_2s30g,2503273,public,self,I (20f) started letting my bf (26m) pay for things because of this theory I have... I just need a man‚Äôs opinion or perspective on this...,0,[],1.0,https://www.reddit.com/r/AskMen/comments/mgoq2k/i_20f_started_letting_my_bf_26m_pay_for_things/,all_ads,6,[],text,t2_b8javwhh,False,False,[removed],,,
26,[],False,SkepticDrinker,,,,,[],,False,False,1617134621,self.AskMen,https://www.reddit.com/r/AskMen/comments/mgoo2s/why_should_alimony_exist_today/,{},mgoo2s,True,False,False,False,True,True,False,,[],dark,text,False,False,True,0,0,False,all_ads,/r/AskMen/comments/mgoo2s/why_should_alimony_exist_today/,False,6,,1617134631,1,True,False,False,AskMen,t5_2s30g,2503271,public,self,Why should alimony exist today?,0,[],1.0,https://www.reddit.com/r/AskMen/comments/mgoo2s/why_should_alimony_exist_today/,all_ads,6,[],text,t2_8upmc4sd,False,False,,,,
27,[],False,SkepticDrinker,,,,,[],,False,False,1617134582,self.AskMen,https://www.reddit.com/r/AskMen/comments/mgonkj/men_what_is_your_opinion_on_alimony/,{},mgonkj,False,False,False,False,False,True,False,,[],dark,text,False,False,True,1,0,False,all_ads,/r/AskMen/comments/mgonkj/men_what_is_your_opinion_on_alimony/,False,6,moderator,1617134593,1,True,False,False,AskMen,t5_2s30g,2503271,public,self,"Men, what is your opinion on alimony?",0,[],1.0,https://www.reddit.com/r/AskMen/comments/mgonkj/men_what_is_your_opinion_on_alimony/,all_ads,6,[],text,t2_8upmc4sd,False,False,[removed],,,
28,[],False,ThrowRAwayokay,,,,,[],,False,False,1617134576,self.AskMen,https://www.reddit.com/r/AskMen/comments/mgonhu/from_your_personal_perspective_what_are_some/,{},mgonhu,True,False,False,False,True,True,False,,[],dark,text,False,False,True,0,0,False,all_ads,/r/AskMen/comments/mgonhu/from_your_personal_perspective_what_are_some/,False,6,,1617134587,1,True,False,False,AskMen,t5_2s30g,2503271,public,self,"From your personal perspective, what are some subtle ways to figure out whether a man is attracted to a woman or he's just being friendly?",0,[],1.0,https://www.reddit.com/r/AskMen/comments/mgonhu/from_your_personal_perspective_what_are_some/,all_ads,6,[],text,t2_8cing02e,False,False,"Of course, the easiest way to find out is to ask, but not all situations allow it without making things awkward afterwards. So I'm asking about small signals that in your opinion distinguish politeness from attraction. 
Thank you!",,,
29,[],False,blackswany,,,,,[],,False,False,1617133713,self.AskMen,https://www.reddit.com/r/AskMen/comments/mgoc1i/what_does_it_mean_when_a_man_tells_you_you_want/,{},mgoc1i,True,False,False,False,True,True,False,,[],dark,text,False,False,True,0,0,False,all_ads,/r/AskMen/comments/mgoc1i/what_does_it_mean_when_a_man_tells_you_you_want/,False,6,,1617133724,1,True,False,False,AskMen,t5_2s30g,2503263,public,self,What does it mean when a man tells you: ‚ÄûYou want to be closer than I do‚Äú?,0,[],1.0,https://www.reddit.com/r/AskMen/comments/mgoc1i/what_does_it_mean_when_a_man_tells_you_you_want/,all_ads,6,[],text,t2_971o9at6,False,False,,,,
30,[],False,shubhambksoni,,,,,[],,False,False,1617133712,self.AskMen,https://www.reddit.com/r/AskMen/comments/mgoc0v/how_to_survive_this_situation_description/,{},mgoc0v,False,False,False,False,False,True,False,,[],dark,text,False,False,True,1,0,False,all_ads,/r/AskMen/comments/mgoc0v/how_to_survive_this_situation_description/,False,6,moderator,1617133723,1,True,False,False,AskMen,t5_2s30g,2503263,public,self,How to survive this situation? (* Description),0,[],1.0,https://www.reddit.com/r/AskMen/comments/mgoc0v/how_to_survive_this_situation_description/,all_ads,6,[],text,t2_1eas1zcg,False,False,[removed],,,
31,[],False,rainhunterpro,,,,,[],,False,False,1617133260,self.AskMen,https://www.reddit.com/r/AskMen/comments/mgo640/how_to_survive_this_situation_description/,{},mgo640,False,False,False,False,False,True,False,,[],dark,text,False,False,True,0,0,False,all_ads,/r/AskMen/comments/mgo640/how_to_survive_this_situation_description/,False,6,moderator,1617133271,1,True,False,False,AskMen,t5_2s30g,2503257,public,self,How to survive this situation? (* Description),0,[],1.0,https://www.reddit.com/r/AskMen/comments/mgo640/how_to_survive_this_situation_description/,all_ads,6,[],text,t2_77xssz5i,False,False,[removed],,,
32,[],False,mrm_s_pp_rt,,,,,[],,False,False,1617133246,self.AskMen,https://www.reddit.com/r/AskMen/comments/mgo5y0/share_ur_experiences_of_male_disposability/,{},mgo5y0,False,False,False,False,False,True,False,,[],dark,text,False,False,True,2,0,False,all_ads,/r/AskMen/comments/mgo5y0/share_ur_experiences_of_male_disposability/,False,6,moderator,1617133257,1,True,False,False,AskMen,t5_2s30g,2503256,public,self,Share ur experiences of male Disposability,0,[],1.0,https://www.reddit.com/r/AskMen/comments/mgo5y0/share_ur_experiences_of_male_disposability/,all_ads,6,[],text,t2_7eb5p2td,False,False,[removed],,,
33,[],False,usergirl2468,,,,,[],,False,False,1617133234,self.AskMen,https://www.reddit.com/r/AskMen/comments/mgo5rm/when_have_you_been_in_a_relationship_where_your/,{},mgo5rm,True,False,False,False,True,True,False,,[],dark,text,False,False,True,3,0,False,all_ads,/r/AskMen/comments/mgo5rm/when_have_you_been_in_a_relationship_where_your/,False,6,,1617133245,1,True,False,False,AskMen,t5_2s30g,2503255,public,self,When have you been in a relationship where your partner loved you more than you loved them? What did you learn?,0,[],1.0,https://www.reddit.com/r/AskMen/comments/mgo5rm/when_have_you_been_in_a_relationship_where_your/,all_ads,6,[],text,t2_4c6a39p9,False,False,,,,
34,[],False,svenskarrmatey,,male,Male,dark,[],,False,False,1617132772,self.AskMen,https://www.reddit.com/r/AskMen/comments/mgnzuc/would_you_have_a_relationship_with_a_wellknown/,{},mgnzuc,True,False,False,False,True,True,False,,[],dark,text,False,False,False,9,0,False,all_ads,/r/AskMen/comments/mgnzuc/would_you_have_a_relationship_with_a_wellknown/,False,6,,1617132783,1,True,False,False,AskMen,t5_2s30g,2503248,public,self,Would you have a relationship with a well-known adult film actress? Why or why not?,0,[],1.0,https://www.reddit.com/r/AskMen/comments/mgnzuc/would_you_have_a_relationship_with_a_wellknown/,all_ads,6,"[{'e': 'text', 't': 'Male'}]",richtext,t2_op93e,False,False,,,,
35,[],False,Throwawaylid,,,,,[],,False,False,1617132149,self.AskMen,https://www.reddit.com/r/AskMen/comments/mgnrw5/what_are_you_meant_to_do_when_your_so_cries_or_is/,{},mgnrw5,False,False,False,False,False,True,False,,[],dark,text,False,False,True,2,0,False,all_ads,/r/AskMen/comments/mgnrw5/what_are_you_meant_to_do_when_your_so_cries_or_is/,False,6,moderator,1617132159,1,True,False,False,AskMen,t5_2s30g,2503237,public,self,What are you meant to do when your SO cries or is really sad?,0,[],1.0,https://www.reddit.com/r/AskMen/comments/mgnrw5/what_are_you_meant_to_do_when_your_so_cries_or_is/,all_ads,6,[],text,t2_13ww8fgm,False,False,[removed],,,
36,[],False,Sweetmak07,,,,,[],,False,False,1617131885,self.AskMen,https://www.reddit.com/r/AskMen/comments/mgnogr/subscribe/,{},mgnogr,False,False,False,False,False,True,False,,[],dark,text,False,False,True,0,0,False,all_ads,/r/AskMen/comments/mgnogr/subscribe/,False,6,moderator,1617131896,1,True,False,False,AskMen,t5_2s30g,2503236,public,self,Subscribe üíã,0,[],1.0,https://www.reddit.com/r/AskMen/comments/mgnogr/subscribe/,all_ads,6,[],text,t2_b8gzing2,False,False,[removed],,self,"{'enabled': False, 'images': [{'id': 'yyI2opSpOuxy5tZBaOtXTIvhxZOzz0-gkXPwiGG8X8o', 'resolutions': [{'height': 60, 'url': 'https://external-preview.redd.it/gYKOikEViBJA9S75tdEQinPvLVCkuauqWuRoKmQIg00.jpg?width=108&amp;crop=smart&amp;auto=webp&amp;s=0fc8aa34d8a0328460c3cba71b7e0c599a4f3c10', 'width': 108}, {'height': 121, 'url': 'https://external-preview.redd.it/gYKOikEViBJA9S75tdEQinPvLVCkuauqWuRoKmQIg00.jpg?width=216&amp;crop=smart&amp;auto=webp&amp;s=24fb9afabcce013748d8bf5a2dee8251685166c7', 'width': 216}, {'height': 180, 'url': 'https://external-preview.redd.it/gYKOikEViBJA9S75tdEQinPvLVCkuauqWuRoKmQIg00.jpg?width=320&amp;crop=smart&amp;auto=webp&amp;s=544359b7136355aef5cf78e9f12f7e26d4d4b5a1', 'width': 320}, {'height': 360, 'url': 'https://external-preview.redd.it/gYKOikEViBJA9S75tdEQinPvLVCkuauqWuRoKmQIg00.jpg?width=640&amp;crop=smart&amp;auto=webp&amp;s=3aa08fbc8d77ced2bf953aa925bcba74212f413c', 'width': 640}, {'height': 540, 'url': 'https://external-preview.redd.it/gYKOikEViBJA9S75tdEQinPvLVCkuauqWuRoKmQIg00.jpg?width=960&amp;crop=smart&amp;auto=webp&amp;s=13745eb04b60afc97eb568549032013290689781', 'width': 960}], 'source': {'height': 576, 'url': 'https://external-preview.redd.it/gYKOikEViBJA9S75tdEQinPvLVCkuauqWuRoKmQIg00.jpg?auto=webp&amp;s=d08a6b369fe5ca0b2ec308df94252f59d03b2e91', 'width': 1024}, 'variants': {}}]}"
37,[],False,Macknificent101,#83acfa,male,Male,light,[],,False,False,1617131872,self.AskMen,https://www.reddit.com/r/AskMen/comments/mgnob4/how_can_i_get_my_friends_to_understand_that/,{},mgnob4,False,False,False,False,False,True,False,,[],dark,text,False,False,True,2,0,False,all_ads,/r/AskMen/comments/mgnob4/how_can_i_get_my_friends_to_understand_that/,False,6,moderator,1617131883,1,True,False,False,AskMen,t5_2s30g,2503236,public,self,how can i get my friends to understand that sometimes i just don‚Äôt want to talk at all?,0,[],1.0,https://www.reddit.com/r/AskMen/comments/mgnob4/how_can_i_get_my_friends_to_understand_that/,all_ads,6,"[{'e': 'text', 't': 'Male'}]",richtext,t2_3cdjmwzt,False,False,[removed],ea22c17e-cd16-11e1-845d-12313b0ce1e2,,
38,[],False,Tree_fireworks,,,,,[],,False,False,1617131777,self.AskMen,https://www.reddit.com/r/AskMen/comments/mgnn2f/30_year_old_bisexual_female_little_experience/,{},mgnn2f,False,False,False,False,False,True,False,,[],dark,text,False,False,True,2,0,False,all_ads,/r/AskMen/comments/mgnn2f/30_year_old_bisexual_female_little_experience/,False,6,moderator,1617131788,1,True,False,False,AskMen,t5_2s30g,2503235,public,self,30 year old bisexual female; little experience with men,0,[],1.0,https://www.reddit.com/r/AskMen/comments/mgnn2f/30_year_old_bisexual_female_little_experience/,all_ads,6,[],text,t2_5qi0zd4s,False,False,[removed],,,
39,[],False,Auraeseal,,,,,[],,False,False,1617131717,self.AskMen,https://www.reddit.com/r/AskMen/comments/mgnma1/how_do_you_fix_crotch_stank/,{},mgnma1,True,False,False,False,True,True,False,,[],dark,text,False,False,True,12,0,True,all_ads,/r/AskMen/comments/mgnma1/how_do_you_fix_crotch_stank/,False,6,,1617131728,1,True,False,False,AskMen,t5_2s30g,2503236,public,nsfw,How do you fix crotch stank?,0,[],1.0,https://www.reddit.com/r/AskMen/comments/mgnma1/how_do_you_fix_crotch_stank/,promo_adult_nsfw,3,[],text,t2_2xi7s6bi,False,False,"My job is very physically demanding, so I end up sweating a lot. I try to avoid taking more than one shower a day, but it seems necessary at this point. When I get home I stink, and it makes me insecure enough to not want to do anything intimate with my gf.   


What are your solutions to crotch stank without having more than one shower a day?",,,
40,[],False,L0CAHA,,,,,[],,False,False,1617131457,self.AskMen,https://www.reddit.com/r/AskMen/comments/mgnivf/can_someone_help_me_decipher_this_legal_jargon/,{},mgnivf,False,False,False,False,False,True,False,,[],dark,text,False,False,True,2,0,False,all_ads,/r/AskMen/comments/mgnivf/can_someone_help_me_decipher_this_legal_jargon/,False,6,moderator,1617131469,1,True,False,False,AskMen,t5_2s30g,2503228,public,self,Can someone help me decipher this legal jargon?,0,[],1.0,https://www.reddit.com/r/AskMen/comments/mgnivf/can_someone_help_me_decipher_this_legal_jargon/,all_ads,6,[],text,t2_5htyqri8,False,False,[removed],,,
41,[],False,Futillebrick,,,,,[],,False,False,1617131366,self.AskMen,https://www.reddit.com/r/AskMen/comments/mgnhlj/what_do_you_think_works_the_best_against/,{},mgnhlj,True,False,False,False,True,True,False,,[],dark,text,False,False,True,27,0,False,all_ads,/r/AskMen/comments/mgnhlj/what_do_you_think_works_the_best_against/,False,6,,1617131377,1,True,False,False,AskMen,t5_2s30g,2503226,public,self,What do you think works the best against crime?(Like jail or community service or something.),0,[],0.99,https://www.reddit.com/r/AskMen/comments/mgnhlj/what_do_you_think_works_the_best_against/,all_ads,6,[],text,t2_8n49ybkm,False,False,,,,
42,[],False,foxyplayboy,,,,,[],,False,False,1617131212,self.AskMen,https://www.reddit.com/r/AskMen/comments/mgnfl4/whats_the_most_stupid_thing_youve_done_trying_to/,{},mgnfl4,True,False,False,False,True,True,False,,[],dark,text,False,False,True,5,0,False,all_ads,/r/AskMen/comments/mgnfl4/whats_the_most_stupid_thing_youve_done_trying_to/,False,6,,1617131223,1,True,False,False,AskMen,t5_2s30g,2503221,public,self,What's the most stupid thing you've done trying to fit somewhere?,0,[],1.0,https://www.reddit.com/r/AskMen/comments/mgnfl4/whats_the_most_stupid_thing_youve_done_trying_to/,all_ads,6,[],text,t2_9enrn4x7,False,False,"In my case I grew up in a place where nerdy people was bullied so I had to (stupidly) act different, I even remember failing tests on purpose.....stupid me from the past hehe",,,
43,[],False,zainab_1900,,,,,[],,False,False,1617131096,self.AskMen,https://www.reddit.com/r/AskMen/comments/mgne3n/is_constantly_arguing_fighting_and_telling_your/,{},mgne3n,False,False,False,False,False,True,False,,[],dark,text,False,False,True,0,0,False,all_ads,/r/AskMen/comments/mgne3n/is_constantly_arguing_fighting_and_telling_your/,False,6,moderator,1617131107,1,True,False,False,AskMen,t5_2s30g,2503221,public,self,"Is constantly arguing , fighting and telling your significant other that other women are better than them considered emotional abuse ???",0,[],1.0,https://www.reddit.com/r/AskMen/comments/mgne3n/is_constantly_arguing_fighting_and_telling_your/,all_ads,6,[],text,t2_b7jngrma,False,False,[removed],,,
44,[],False,CallHerAddy,,,,,[],,False,False,1617131089,self.AskMen,https://www.reddit.com/r/AskMen/comments/mgne09/men_who_have_sex_with_women_what_makes_a_woman/,{},mgne09,True,False,False,False,True,True,False,,[],dark,text,False,False,True,19,0,False,all_ads,/r/AskMen/comments/mgne09/men_who_have_sex_with_women_what_makes_a_woman/,False,6,,1617131100,1,True,False,False,AskMen,t5_2s30g,2503221,public,self,"Men who have sex with women, what makes a woman good or bad at sex?",0,[],1.0,https://www.reddit.com/r/AskMen/comments/mgne09/men_who_have_sex_with_women_what_makes_a_woman/,all_ads,6,[],text,t2_4i0n4nca,False,False,,,,
45,[],False,hkallet,,,,,[],,False,False,1617130914,self.AskMen,https://www.reddit.com/r/AskMen/comments/mgnbn7/how_to_get_my_boyfriend_to_brush_his_teeth_better/,{},mgnbn7,False,False,False,False,False,True,False,,[],dark,text,False,False,True,0,0,False,all_ads,/r/AskMen/comments/mgnbn7/how_to_get_my_boyfriend_to_brush_his_teeth_better/,False,6,moderator,1617130926,1,True,False,False,AskMen,t5_2s30g,2503219,public,self,How to get my boyfriend to brush his teeth better?,0,[],1.0,https://www.reddit.com/r/AskMen/comments/mgnbn7/how_to_get_my_boyfriend_to_brush_his_teeth_better/,all_ads,6,[],text,t2_11l3xfgr,False,False,[removed],,,
46,[],False,questionssnanswerss,,,,,[],,False,False,1617130629,self.AskMen,https://www.reddit.com/r/AskMen/comments/mgn7og/what_do_you_need_right_now_and_how_can_i_or/,{},mgn7og,True,False,False,False,True,True,False,,[],dark,text,False,False,True,10,0,False,all_ads,/r/AskMen/comments/mgn7og/what_do_you_need_right_now_and_how_can_i_or/,False,6,,1617130640,1,True,False,False,AskMen,t5_2s30g,2503210,public,self,What do you need right now and how can I or anyone around you help?,0,[],1.0,https://www.reddit.com/r/AskMen/comments/mgn7og/what_do_you_need_right_now_and_how_can_i_or/,all_ads,6,[],text,t2_94pyn9,False,False,,,,
47,[],False,2ndStrongestAvenger,,,,,[],,False,False,1617130531,self.AskMen,https://www.reddit.com/r/AskMen/comments/mgn6fg/married_guys_of_askmen_what_gift_did_you_get_your/,{},mgn6fg,False,False,False,False,False,True,False,,[],dark,text,False,False,True,2,0,False,all_ads,/r/AskMen/comments/mgn6fg/married_guys_of_askmen_what_gift_did_you_get_your/,False,6,moderator,1617130541,1,True,False,False,AskMen,t5_2s30g,2503207,public,self,"Married guys of AskMen, what gift did you get your bride on the wedding day?",0,[],1.0,https://www.reddit.com/r/AskMen/comments/mgn6fg/married_guys_of_askmen_what_gift_did_you_get_your/,all_ads,6,[],text,t2_3z04d9sj,False,False,[removed],,,
48,[],False,catchawabbit,,,,,[],,False,False,1617130432,self.AskMen,https://www.reddit.com/r/AskMen/comments/mgn543/how_did_you_ever_recover_from_abusive/,{},mgn543,True,False,False,False,True,True,False,,[],dark,text,False,False,True,8,0,False,all_ads,/r/AskMen/comments/mgn543/how_did_you_ever_recover_from_abusive/,False,6,,1617130443,1,True,False,False,AskMen,t5_2s30g,2503206,public,self,How did you ever recover from abusive relationship with a woman?,0,[],1.0,https://www.reddit.com/r/AskMen/comments/mgn543/how_did_you_ever_recover_from_abusive/,all_ads,6,[],text,t2_2muwrk4z,False,False,"So i was short of two years in a very abusive relationship. She would lock the door from the apartment and hit me repeatedly, then threatened to call the police and saying I was attacking her. I was always smart and recorded, kept all the messages etc.
It‚Äôs been almost 2 years since but I still tend to overshare my trauma if I am for example on a date and I feel comfortable. 
I am well aware I have to snap out of it, sometimes it just happens.
It‚Äôs interesting that women don‚Äôt run away they kind of fall for me regardless.",,,
49,[],False,ThEhIsO8730,,,,,[],,False,False,1617130358,self.AskMen,https://www.reddit.com/r/AskMen/comments/mgn46h/how_did_you_learn_to_stop_worrying_about_your/,{},mgn46h,True,False,False,False,True,True,False,,[],dark,text,False,False,True,9,0,False,all_ads,/r/AskMen/comments/mgn46h/how_did_you_learn_to_stop_worrying_about_your/,False,6,,1617130369,1,True,False,False,AskMen,t5_2s30g,2503204,public,self,"How did you learn to stop worrying about your career, financial situation, health, friends, lack of a significant other, no real future, pessimistic outlook, and just learn to ENJOY LIFE?",0,[],1.0,https://www.reddit.com/r/AskMen/comments/mgn46h/how_did_you_learn_to_stop_worrying_about_your/,all_ads,6,[],text,t2_18hizbxu,False,True,,,,
50,[],False,CocFoxx,#83acfa,male,Male,light,[],,False,False,1617130176,self.AskMen,https://www.reddit.com/r/AskMen/comments/mgn1tg/men_who_are_in_relationships_how_did_you_meet/,{},mgn1tg,True,False,False,False,True,True,False,,[],dark,text,False,False,True,1,0,False,all_ads,/r/AskMen/comments/mgn1tg/men_who_are_in_relationships_how_did_you_meet/,False,6,,1617130187,1,True,False,False,AskMen,t5_2s30g,2503201,public,self,"Men who are in relationships, how did you meet your significant other?",0,[],1.0,https://www.reddit.com/r/AskMen/comments/mgn1tg/men_who_are_in_relationships_how_did_you_meet/,all_ads,6,"[{'e': 'text', 't': 'Male'}]",richtext,t2_am0rupix,False,False,,ea22c17e-cd16-11e1-845d-12313b0ce1e2,,
51,[],False,Chillhardy,,,,,[],,False,False,1617130115,self.AskMen,https://www.reddit.com/r/AskMen/comments/mgn11z/how_can_i_stop_comparing_myself_to_my_friends/,{},mgn11z,False,False,False,False,False,True,False,,[],dark,text,False,False,True,2,0,False,all_ads,/r/AskMen/comments/mgn11z/how_can_i_stop_comparing_myself_to_my_friends/,False,6,moderator,1617130126,1,True,False,False,AskMen,t5_2s30g,2503200,public,self,How can I stop comparing myself to my friends?,0,[],1.0,https://www.reddit.com/r/AskMen/comments/mgn11z/how_can_i_stop_comparing_myself_to_my_friends/,all_ads,6,[],text,t2_eo1xt,False,False,[removed],,,
52,[],False,ThEhIsO8730,,,,,[],,False,False,1617129785,self.AskMen,https://www.reddit.com/r/AskMen/comments/mgmws7/how_did_you_manage_to_obtain_serious_unshakable/,{},mgmws7,True,False,False,False,True,True,False,,[],dark,text,False,False,True,12,0,False,all_ads,/r/AskMen/comments/mgmws7/how_did_you_manage_to_obtain_serious_unshakable/,False,6,,1617129796,1,True,False,False,AskMen,t5_2s30g,2503188,public,self,"How did you manage to obtain serious, unshakable confidence in yourself?",0,[],1.0,https://www.reddit.com/r/AskMen/comments/mgmws7/how_did_you_manage_to_obtain_serious_unshakable/,all_ads,6,[],text,t2_18hizbxu,False,True,,,,
53,[],False,tyfyfttryt,,,,,[],,False,False,1617129618,self.AskMen,https://www.reddit.com/r/AskMen/comments/mgmuih/my_brother_what_do_you_feel_about_coming_to_me_in/,{},mgmuih,False,False,False,False,False,True,False,,[],dark,text,False,False,True,0,0,False,all_ads,/r/AskMen/comments/mgmuih/my_brother_what_do_you_feel_about_coming_to_me_in/,False,6,moderator,1617129628,1,True,False,False,AskMen,t5_2s30g,2503186,public,self,My brother what do you feel about coming to me in battle we are stronger?,0,[],1.0,https://www.reddit.com/r/AskMen/comments/mgmuih/my_brother_what_do_you_feel_about_coming_to_me_in/,all_ads,6,[],text,t2_b8exsdud,False,False,[removed],,,
54,[],False,SergeiSwagmaninoff,#83acfa,male,Male,light,[],,False,False,1617129525,self.AskMen,https://www.reddit.com/r/AskMen/comments/mgmt9h/do_you_think_guys_find_it_more_difficult_to/,{},mgmt9h,False,False,False,False,False,True,False,,[],dark,text,False,False,True,2,0,False,all_ads,/r/AskMen/comments/mgmt9h/do_you_think_guys_find_it_more_difficult_to/,False,6,moderator,1617129536,1,True,False,False,AskMen,t5_2s30g,2503179,public,self,Do you think guys find it more difficult to maintain a friendship as purely platonic with a girl than vice versa?,0,[],1.0,https://www.reddit.com/r/AskMen/comments/mgmt9h/do_you_think_guys_find_it_more_difficult_to/,all_ads,6,"[{'e': 'text', 't': 'Male'}]",richtext,t2_36erlfki,False,False,[removed],ea22c17e-cd16-11e1-845d-12313b0ce1e2,,
55,[],False,Helpful_Cantaloupe87,,,,,[],,False,False,1617129270,self.AskMen,https://www.reddit.com/r/AskMen/comments/mgmpxy/how_do_men_really_like_to_spend_their_birthday/,{},mgmpxy,False,False,False,False,False,True,False,,[],dark,text,False,False,True,2,0,False,all_ads,/r/AskMen/comments/mgmpxy/how_do_men_really_like_to_spend_their_birthday/,False,6,moderator,1617129282,1,True,False,False,AskMen,t5_2s30g,2503175,public,self,How do men really like to spend their birthday?,0,[],1.0,https://www.reddit.com/r/AskMen/comments/mgmpxy/how_do_men_really_like_to_spend_their_birthday/,all_ads,6,[],text,t2_7mnki6hs,False,False,[removed],,,
56,[],False,Vast-Many-6225,,,,,[],,False,False,1617128621,self.AskMen,https://www.reddit.com/r/AskMen/comments/mgmh9q/neew/,{},mgmh9q,False,False,False,False,False,True,False,,[],dark,text,False,False,True,0,0,False,all_ads,/r/AskMen/comments/mgmh9q/neew/,False,6,moderator,1617128632,1,True,False,False,AskMen,t5_2s30g,2503157,public,self,Neew,0,[],1.0,https://www.reddit.com/r/AskMen/comments/mgmh9q/neew/,all_ads,6,[],text,t2_azzt6u7l,False,False,[removed],,,
57,[],False,prettyrx,,,,,[],,False,False,1617128531,self.AskMen,https://www.reddit.com/r/AskMen/comments/mgmg4e/how_can_i_cheer_my_bf_up/,{},mgmg4e,True,False,False,False,True,True,False,,[],dark,text,False,False,True,13,0,False,all_ads,/r/AskMen/comments/mgmg4e/how_can_i_cheer_my_bf_up/,False,6,,1617128542,1,True,False,False,AskMen,t5_2s30g,2503152,public,self,How can I cheer my bf up?,0,[],1.0,https://www.reddit.com/r/AskMen/comments/mgmg4e/how_can_i_cheer_my_bf_up/,all_ads,6,[],text,t2_5ghgk3ij,False,False,I am a 24 F and my bf is 27. He‚Äôs been in a ‚Äúbleh‚Äù mood this past week with having allergies and just not happy with the job he is currently working (Financial Advisor). What can I do as a gf to cheer him up? If you were feeling the same way how would you like your SO to cheer you up?,,,
58,[],False,QueasyHead5716,,,,,[],,False,False,1617128339,self.AskMen,https://www.reddit.com/r/AskMen/comments/mgmdkq/how_chubby_is_too_chubby_to_date/,{},mgmdkq,True,False,False,False,True,True,False,,[],dark,text,False,False,True,56,0,False,all_ads,/r/AskMen/comments/mgmdkq/how_chubby_is_too_chubby_to_date/,False,6,,1617128350,1,True,False,False,AskMen,t5_2s30g,2503147,public,self,How chubby is too chubby to date?,0,[],1.0,https://www.reddit.com/r/AskMen/comments/mgmdkq/how_chubby_is_too_chubby_to_date/,all_ads,6,[],text,t2_97gun69f,False,False,I was wondering if you men could share your views on how chubby is too chubby to date? Could a woman with a BMI between 18-25 still be too chubby?,,,
59,[],False,stickholm,,,,,[],,False,False,1617128185,self.AskMen,https://www.reddit.com/r/AskMen/comments/mgmbgl/how_can_you_get_a_handsfree_erection_simply_by/,{},mgmbgl,False,False,False,False,False,True,False,,[],dark,text,False,False,True,2,0,False,all_ads,/r/AskMen/comments/mgmbgl/how_can_you_get_a_handsfree_erection_simply_by/,False,6,moderator,1617128196,1,True,False,False,AskMen,t5_2s30g,2503142,public,self,How can you get a hands-free erection simply by flexing a muscle vs sexually arousing stimulus?,0,[],1.0,https://www.reddit.com/r/AskMen/comments/mgmbgl/how_can_you_get_a_handsfree_erection_simply_by/,all_ads,6,[],text,t2_xt7he,False,False,[removed],,,
60,[],False,tejaisonredditnow,,,,,[],,False,False,1617127818,self.AskMen,https://www.reddit.com/r/AskMen/comments/mgm6mc/what_is_the_female_equivalent_of_a_dad_bod/,{},mgm6mc,True,False,False,False,True,True,False,,[],dark,text,False,False,True,37,0,False,all_ads,/r/AskMen/comments/mgm6mc/what_is_the_female_equivalent_of_a_dad_bod/,False,6,,1617127829,1,True,False,False,AskMen,t5_2s30g,2503126,public,self,What is the female equivalent of a ‚Äúdad bod‚Äù?,0,[],1.0,https://www.reddit.com/r/AskMen/comments/mgm6mc/what_is_the_female_equivalent_of_a_dad_bod/,all_ads,6,[],text,t2_8kvk2tdh,False,False,As the title asks.,,,
61,[],False,youfoundmeyo,,,,,[],,False,False,1617127624,self.AskMen,https://www.reddit.com/r/AskMen/comments/mgm431/break_up_advice/,{},mgm431,False,False,False,False,False,True,False,,[],dark,text,False,False,True,0,0,False,all_ads,/r/AskMen/comments/mgm431/break_up_advice/,False,6,moderator,1617127635,1,True,False,False,AskMen,t5_2s30g,2503119,public,self,Break up advice,0,[],1.0,https://www.reddit.com/r/AskMen/comments/mgm431/break_up_advice/,all_ads,6,[],text,t2_94xef66o,False,False,[removed],,,
62,[],False,mustiwritemymailhere,,,,,[],,False,False,1617127171,self.AskMen,https://www.reddit.com/r/AskMen/comments/mglxva/what_are_some_easy_skin_tips_for_beginners/,{},mglxva,True,False,False,False,True,True,False,,[],dark,text,False,False,True,17,0,False,all_ads,/r/AskMen/comments/mglxva/what_are_some_easy_skin_tips_for_beginners/,False,6,,1617127182,1,True,False,False,AskMen,t5_2s30g,2503119,public,self,What are some easy skin tips for beginners ?,0,[],1.0,https://www.reddit.com/r/AskMen/comments/mglxva/what_are_some_easy_skin_tips_for_beginners/,all_ads,6,[],text,t2_73nm9hhz,False,False,I finally decided to do something about my skin and the only thing I know is that I shouldn't touch it often.,,,
63,[],False,throwaway678426,,,,,[],,False,False,1617127124,self.AskMen,https://www.reddit.com/r/AskMen/comments/mglxb7/does_anyone_else_not_like_being_called_handsome/,{},mglxb7,False,False,False,False,False,True,False,,[],dark,text,False,False,True,0,0,False,all_ads,/r/AskMen/comments/mglxb7/does_anyone_else_not_like_being_called_handsome/,False,6,moderator,1617127135,1,True,False,False,AskMen,t5_2s30g,2503119,public,self,Does anyone else not like being called handsome?,0,[],1.0,https://www.reddit.com/r/AskMen/comments/mglxb7/does_anyone_else_not_like_being_called_handsome/,all_ads,6,[],text,t2_b8gu3pv8,False,False,[removed],,,
64,[],False,_Floydian,#83acfa,male,Apache Helicopter,light,[],,False,False,1617127107,self.AskMen,https://www.reddit.com/r/AskMen/comments/mglx3w/what_are_some_key_traits_you_look_for_in/,{},mglx3w,True,False,False,False,True,True,False,,[],dark,text,False,False,True,14,0,False,all_ads,/r/AskMen/comments/mglx3w/what_are_some_key_traits_you_look_for_in/,False,6,,1617127118,1,True,False,False,AskMen,t5_2s30g,2503119,public,self,What are some key traits you look for in potential partner before dating them?,0,[],1.0,https://www.reddit.com/r/AskMen/comments/mglx3w/what_are_some_key_traits_you_look_for_in/,all_ads,6,"[{'e': 'text', 't': 'Apache Helicopter'}]",richtext,t2_ql0gqy7,False,False,"For me, it'd be

1. Emotional and Mental maturity
2. Financial sense
3. Love alone is not enough. Ability to see beyond love to build a relationship",ea22c17e-cd16-11e1-845d-12313b0ce1e2,,
65,[],False,elikemhr,,,,,[],,False,False,1617126688,self.AskMen,https://www.reddit.com/r/AskMen/comments/mglrqc/marriage/,{},mglrqc,False,False,False,False,False,True,False,,[],dark,text,False,False,True,2,0,False,all_ads,/r/AskMen/comments/mglrqc/marriage/,False,6,moderator,1617126699,1,True,False,False,AskMen,t5_2s30g,2503107,public,self,Marriage,0,[],1.0,https://www.reddit.com/r/AskMen/comments/mglrqc/marriage/,all_ads,6,[],text,t2_3pzhb0y0,False,False,[removed],,,
66,[],False,IHaveGreencard,#83acfa,male,Male,light,[],,False,False,1617126028,self.AskMen,https://www.reddit.com/r/AskMen/comments/mglj0j/how_to_deal_with_growing_apart/,{},mglj0j,True,False,False,False,True,True,False,,[],dark,text,False,False,True,6,0,False,all_ads,/r/AskMen/comments/mglj0j/how_to_deal_with_growing_apart/,False,6,,1617126039,1,True,False,False,AskMen,t5_2s30g,2503098,public,self,How to deal with growing apart ?,0,[],1.0,https://www.reddit.com/r/AskMen/comments/mglj0j/how_to_deal_with_growing_apart/,all_ads,6,"[{'e': 'text', 't': 'Male'}]",richtext,t2_11rc63mf,False,False,"So my children‚Äôs mother/fianc√© and I have been dating for 7 years, we‚Äôve had a bit of a rocky relationship to say the least. We are engaged now , once web got engaged things were going well for a couples months then it went rocky. Fast forward to now , we are growing apart ? I guess you can say , we can go all day without speaking , only speak about the kids and what needs to be done with them. Feel like I have tire distance between someone who I live and share the same bed with just to avoid any arguments or problems .... I try to stay quiet and to myself , but sometimes that still doesn‚Äôt work. I don‚Äôt want to leave , I don‚Äôt want to abandon my little ones. 

How should I handle this situation ? Talking doesn‚Äôt work , it always end up in an argument or blame game. I‚Äôve tried every way of communicating , road trip talks , over the phone , texting , one on one , intoxicated , sober , every fucking way.  I don‚Äôt know what to do , I‚Äôm thinking best way is just to be quiet and power through for my little ones. I gotta catch a break someday right ?",ea22c17e-cd16-11e1-845d-12313b0ce1e2,,
67,[],False,ContrarianArgument,,,,,[],,False,False,1617126025,self.AskMen,https://www.reddit.com/r/AskMen/comments/mgliz3/all_about_the_beard/,{},mgliz3,False,False,False,False,False,True,False,,[],dark,text,False,False,True,2,0,False,all_ads,/r/AskMen/comments/mgliz3/all_about_the_beard/,False,6,moderator,1617126035,1,True,False,False,AskMen,t5_2s30g,2503098,public,self,All about the beard,0,[],1.0,https://www.reddit.com/r/AskMen/comments/mgliz3/all_about_the_beard/,all_ads,6,[],text,t2_9bz47ixh,False,False,[removed],,,
68,[],False,LegendsNotSheep,,,,,[],,False,False,1617125680,self.AskMen,https://www.reddit.com/r/AskMen/comments/mgleph/have_you_ever_unknowingly_done_something_creepy/,{},mgleph,False,False,False,False,False,True,False,,[],dark,text,False,False,True,2,0,False,all_ads,/r/AskMen/comments/mgleph/have_you_ever_unknowingly_done_something_creepy/,False,6,moderator,1617125692,1,True,False,False,AskMen,t5_2s30g,2503097,public,self,Have you ever unknowingly done something creepy in public?,0,[],1.0,https://www.reddit.com/r/AskMen/comments/mgleph/have_you_ever_unknowingly_done_something_creepy/,all_ads,6,[],text,t2_7vdutsf0,False,False,[removed],,,
69,[],False,Minute_Diamond961,,,,,[],,False,False,1617125433,self.AskMen,https://www.reddit.com/r/AskMen/comments/mglbiz/married_men_of_reddit_is_it_true_that_you_married/,{},mglbiz,False,False,False,False,False,True,False,,[],dark,text,False,False,True,2,0,False,all_ads,/r/AskMen/comments/mglbiz/married_men_of_reddit_is_it_true_that_you_married/,False,6,moderator,1617125444,1,True,False,False,AskMen,t5_2s30g,2503098,public,self,"Married Men of Reddit, is it true that you married someone like your mother?",0,[],1.0,https://www.reddit.com/r/AskMen/comments/mglbiz/married_men_of_reddit_is_it_true_that_you_married/,all_ads,6,[],text,t2_a31mor9t,False,False,[removed],,,
70,[],False,sposeitwas2swallows,,,,,[],,False,False,1617124980,self.AskMen,https://www.reddit.com/r/AskMen/comments/mgl5e4/sons_of_reddit_what_can_i_do_for_my_father/,{},mgl5e4,False,False,False,False,False,True,False,,[],dark,text,False,False,True,2,0,False,all_ads,/r/AskMen/comments/mgl5e4/sons_of_reddit_what_can_i_do_for_my_father/,False,6,moderator,1617124991,1,True,False,False,AskMen,t5_2s30g,2503086,public,self,"Sons of Reddit, what can I do for my father crippled by stress and depression from work?",0,[],1.0,https://www.reddit.com/r/AskMen/comments/mgl5e4/sons_of_reddit_what_can_i_do_for_my_father/,all_ads,6,[],text,t2_10dbid,False,False,[removed],,,
71,[],False,yung_hizzzle,,,,,[],,False,False,1617124892,self.AskMen,https://www.reddit.com/r/AskMen/comments/mgl462/what_would_be_your_plans/,{},mgl462,True,False,False,False,True,True,False,,[],dark,text,False,False,True,16,0,False,all_ads,/r/AskMen/comments/mgl462/what_would_be_your_plans/,False,6,,1617124903,1,True,False,False,AskMen,t5_2s30g,2503085,public,self,What Would Be Your Plans?,0,[],1.0,https://www.reddit.com/r/AskMen/comments/mgl462/what_would_be_your_plans/,all_ads,6,[],text,t2_8boum586,False,False,"If a WW3 does happen what are you plans for trying to fight, hide, etc...",,,
72,[],False,Kyo0026,,,,,[],,False,False,1617124819,self.AskMen,https://www.reddit.com/r/AskMen/comments/mgl375/how_to_tell_the_girl_you_are_talking_to_she_wasnt/,{},mgl375,False,False,False,False,False,True,False,,[],dark,text,False,False,True,0,0,False,all_ads,/r/AskMen/comments/mgl375/how_to_tell_the_girl_you_are_talking_to_she_wasnt/,False,6,moderator,1617124830,1,True,False,False,AskMen,t5_2s30g,2503084,public,self,How To Tell The Girl You Are Talking To She Wasn‚Äôt The First Choice?,0,[],1.0,https://www.reddit.com/r/AskMen/comments/mgl375/how_to_tell_the_girl_you_are_talking_to_she_wasnt/,all_ads,6,[],text,t2_5p55598h,False,False,[removed],,,
73,[],False,iAmHuggies,,,,,[],,False,False,1617124812,self.AskMen,https://www.reddit.com/r/AskMen/comments/mgl33y/guys_do_any_of_you_match_with_women_on_dating/,{},mgl33y,False,False,False,False,False,True,False,,[],dark,text,False,False,True,2,0,False,all_ads,/r/AskMen/comments/mgl33y/guys_do_any_of_you_match_with_women_on_dating/,False,6,moderator,1617124823,1,True,False,False,AskMen,t5_2s30g,2503084,public,self,"Guys, do any of you match with women on dating apps but never talk?",0,[],1.0,https://www.reddit.com/r/AskMen/comments/mgl33y/guys_do_any_of_you_match_with_women_on_dating/,all_ads,6,[],text,t2_ho4bc,False,False,[removed],,,
74,[],False,Mangosareforeverr,,,,,[],,False,False,1617124435,self.AskMen,https://www.reddit.com/r/AskMen/comments/mgkxzn/what_do_you_think_it_im_sure_of_my_feelings_for/,{},mgkxzn,True,False,False,False,True,True,False,,[],dark,text,False,False,True,10,0,False,all_ads,/r/AskMen/comments/mgkxzn/what_do_you_think_it_im_sure_of_my_feelings_for/,False,6,,1617124446,1,True,False,False,AskMen,t5_2s30g,2503079,public,self,What do you think it ‚ÄúI‚Äôm sure of my feelings for you‚Äù in the context of a relationship!,0,[],1.0,https://www.reddit.com/r/AskMen/comments/mgkxzn/what_do_you_think_it_im_sure_of_my_feelings_for/,all_ads,6,[],text,t2_81gmwpni,False,False,What do you think it means when a guy says that to his partner?,,,
75,[],False,I_Miss_Asuna,,,,,[],,False,False,1617124400,self.AskMen,https://www.reddit.com/r/AskMen/comments/mgkxip/how_to_deal_with_girlfriends_sexual_past_vent/,{},mgkxip,False,False,False,False,False,True,False,,[],dark,text,False,False,True,2,0,False,all_ads,/r/AskMen/comments/mgkxip/how_to_deal_with_girlfriends_sexual_past_vent/,False,6,moderator,1617124411,1,True,False,False,AskMen,t5_2s30g,2503077,public,self,How to deal with girlfriends sexual past? / Vent,0,[],1.0,https://www.reddit.com/r/AskMen/comments/mgkxip/how_to_deal_with_girlfriends_sexual_past_vent/,all_ads,6,[],text,t2_69a1kuhi,False,False,[removed],,,
76,[],False,LiberMortarius,,,,,[],,False,False,1617124175,self.AskMen,https://www.reddit.com/r/AskMen/comments/mgkudw/how_to_be_honest_with_yourself/,{},mgkudw,True,False,False,False,True,True,False,,[],dark,text,False,False,True,12,0,False,all_ads,/r/AskMen/comments/mgkudw/how_to_be_honest_with_yourself/,False,6,,1617124186,1,True,False,False,AskMen,t5_2s30g,2503073,public,self,How to be honest with yourself,0,[],1.0,https://www.reddit.com/r/AskMen/comments/mgkudw/how_to_be_honest_with_yourself/,all_ads,6,[],text,t2_2e5zoggb,False,False,"I'm currently going through the job-search process and throughout the conversations I've had one of the most common bits of advice has been ""Find out what you really want to do, industry or role, and pursue it."" There has been further advice provided but that's the gist of it.\\

I sat down to really think about what I want to do and where I want to do it but I can't. I don't know how. I have this image of what I'm 'supposed' to be doing and 'where' I should be. But now that I'm looking inward, I find myself in a rut. Any thoughts/tips/advice on how to begin being honest with myself?",,,
77,[],False,Accomplished-Music35,,,,,[],,False,False,1617124121,self.AskMen,https://www.reddit.com/r/AskMen/comments/mgkto5/men_how_often_do_you_go_out_of_your_way_to_not/,{},mgkto5,False,False,False,False,False,True,False,,[],dark,text,False,False,True,2,0,False,all_ads,/r/AskMen/comments/mgkto5/men_how_often_do_you_go_out_of_your_way_to_not/,False,6,moderator,1617124132,1,True,False,False,AskMen,t5_2s30g,2503074,public,self,Men: How often do you go out of your way to not make a woman feel unsafe?,0,[],1.0,https://www.reddit.com/r/AskMen/comments/mgkto5/men_how_often_do_you_go_out_of_your_way_to_not/,all_ads,6,[],text,t2_6pxz22lw,False,True,[removed],,,
78,[],False,_proja,,,,,[],,False,False,1617124099,self.AskMen,https://www.reddit.com/r/AskMen/comments/mgktdj/how_much_do_you_share_with_your_close_friends/,{},mgktdj,False,False,False,False,False,True,False,,[],dark,text,False,False,True,0,0,False,all_ads,/r/AskMen/comments/mgktdj/how_much_do_you_share_with_your_close_friends/,False,6,moderator,1617124110,1,True,False,False,AskMen,t5_2s30g,2503074,public,self,"How much do you share with your close friends about sex, whether it's casual or in a relationship?",0,[],1.0,https://www.reddit.com/r/AskMen/comments/mgktdj/how_much_do_you_share_with_your_close_friends/,all_ads,6,[],text,t2_b66rtnqu,False,False,[removed],,,
79,[],False,Normal-Land-9962,,,,,[],,False,False,1617123906,self.AskMen,https://www.reddit.com/r/AskMen/comments/mgkqvs/which_scary_encounter_or_incident_scared_you_the/,{},mgkqvs,True,False,False,False,True,True,False,,[],dark,text,False,False,True,13,0,False,all_ads,/r/AskMen/comments/mgkqvs/which_scary_encounter_or_incident_scared_you_the/,False,6,,1617123918,1,True,False,False,AskMen,t5_2s30g,2503074,public,self,Which scary encounter or incident scared you the most in life ?,0,[],1.0,https://www.reddit.com/r/AskMen/comments/mgkqvs/which_scary_encounter_or_incident_scared_you_the/,all_ads,6,[],text,t2_8trxfzq5,False,False,,,,
80,[],False,SnooBananas7242,,,,,[],,False,False,1617123900,self.AskMen,https://www.reddit.com/r/AskMen/comments/mgkqsg/style_advice/,{},mgkqsg,False,False,False,False,False,True,False,,[],dark,text,False,False,True,2,0,False,all_ads,/r/AskMen/comments/mgkqsg/style_advice/,False,6,moderator,1617123912,1,True,False,False,AskMen,t5_2s30g,2503074,public,self,Style advice,0,[],1.0,https://www.reddit.com/r/AskMen/comments/mgkqsg/style_advice/,all_ads,6,[],text,t2_7piym2mm,False,False,[removed],,,
81,[],False,mymichelle1,,,,,[],,False,False,1617123783,self.AskMen,https://www.reddit.com/r/AskMen/comments/mgkp4r/why_does_my_boyfriend_play_with_my_boobs_in_a_non/,{},mgkp4r,False,False,False,False,False,True,False,,[],dark,text,False,False,True,2,0,False,all_ads,/r/AskMen/comments/mgkp4r/why_does_my_boyfriend_play_with_my_boobs_in_a_non/,False,6,moderator,1617123794,1,True,False,False,AskMen,t5_2s30g,2503073,public,self,Why does my boyfriend play with my boobs in a non sexual way?,0,[],1.0,https://www.reddit.com/r/AskMen/comments/mgkp4r/why_does_my_boyfriend_play_with_my_boobs_in_a_non/,all_ads,6,[],text,t2_aa22z5i3,False,False,[removed],,,
82,[],False,letsseethosenipples,,,,,[],,False,False,1617123522,self.AskMen,https://www.reddit.com/r/AskMen/comments/mgklgh/how_do_i_deal_with_my_best_friends_miserable/,{},mgklgh,False,False,False,False,False,True,False,,[],dark,text,False,False,True,2,0,False,all_ads,/r/AskMen/comments/mgklgh/how_do_i_deal_with_my_best_friends_miserable/,False,6,moderator,1617123533,1,True,False,False,AskMen,t5_2s30g,2503066,public,self,How do I deal with my best friends miserable bitch of a wife?,0,[],1.0,https://www.reddit.com/r/AskMen/comments/mgklgh/how_do_i_deal_with_my_best_friends_miserable/,all_ads,6,[],text,t2_2nu86d0f,False,False,[removed],,,
83,[],False,Neat_Horror_3834,,,,,[],,False,False,1617123506,self.AskMen,https://www.reddit.com/r/AskMen/comments/mgkl91/men_how_to_evolve_past_being_a_soft_boy/,{},mgkl91,False,False,False,False,False,True,False,,[],dark,text,False,False,True,0,0,False,all_ads,/r/AskMen/comments/mgkl91/men_how_to_evolve_past_being_a_soft_boy/,False,6,moderator,1617123517,1,True,False,False,AskMen,t5_2s30g,2503064,public,self,"Men, how to evolve past being a soft boy?",0,[],1.0,https://www.reddit.com/r/AskMen/comments/mgkl91/men_how_to_evolve_past_being_a_soft_boy/,all_ads,6,[],text,t2_b6e8s4ob,False,False,[removed],,,
84,[],False,yuri-123,,,,,[],,False,False,1617123117,self.AskMen,https://www.reddit.com/r/AskMen/comments/mgkg30/men_of_reddit_how_do_i_make_her_feel_like_i_am/,{},mgkg30,True,False,False,False,True,True,False,,[],dark,text,False,False,True,2,0,False,all_ads,/r/AskMen/comments/mgkg30/men_of_reddit_how_do_i_make_her_feel_like_i_am/,False,6,,1617123128,1,True,False,False,AskMen,t5_2s30g,2503051,public,self,"Men of reddit, how do I make her feel like I am good enough for her and don't be toxic to her?",0,[],1.0,https://www.reddit.com/r/AskMen/comments/mgkg30/men_of_reddit_how_do_i_make_her_feel_like_i_am/,all_ads,6,[],text,t2_7n7qm88z,False,False,So my girlfriend and I had a fight 2 weeks ago which was my fault but yesterday we got back and fixed everything. I don't want to lose her or repeat the mistakes I did how can I make sure of that,,,
85,[],False,HelpfulFit,,,,,[],,False,False,1617123103,self.AskMen,https://www.reddit.com/r/AskMen/comments/mgkfws/what_was_a_time_a_woman_you_were_dating_used_you/,{},mgkfws,True,False,False,False,True,True,False,,[],dark,text,False,False,True,12,0,False,all_ads,/r/AskMen/comments/mgkfws/what_was_a_time_a_woman_you_were_dating_used_you/,False,6,,1617123114,1,True,False,False,AskMen,t5_2s30g,2503051,public,self,"What was a time a woman you were dating used you for her own benefits, and then dumped you?",0,[],1.0,https://www.reddit.com/r/AskMen/comments/mgkfws/what_was_a_time_a_woman_you_were_dating_used_you/,all_ads,6,[],text,t2_9s4ag3x1,False,False,,,,
86,[],False,hiiejejdkdkk,,,,,[],,False,False,1617122862,self.AskMen,https://www.reddit.com/r/AskMen/comments/mgkcot/do_men_find_masculine_women_attractive/,{},mgkcot,False,False,False,False,False,True,False,,[],dark,text,False,False,True,0,0,False,all_ads,/r/AskMen/comments/mgkcot/do_men_find_masculine_women_attractive/,False,6,moderator,1617122873,1,True,False,False,AskMen,t5_2s30g,2503053,public,self,Do men find masculine women attractive?,0,[],1.0,https://www.reddit.com/r/AskMen/comments/mgkcot/do_men_find_masculine_women_attractive/,all_ads,6,[],text,t2_9svjzc0n,False,False,[removed],,,
87,[],False,KansasDude25,,,,,[],,False,False,1617122601,self.AskMen,https://www.reddit.com/r/AskMen/comments/mgk93a/even_though_im_not_ripped_should_i_tan_to_get_a/,{},mgk93a,False,False,False,False,False,True,False,,[],dark,text,False,False,True,2,0,False,all_ads,/r/AskMen/comments/mgk93a/even_though_im_not_ripped_should_i_tan_to_get_a/,False,6,moderator,1617122611,1,True,False,False,AskMen,t5_2s30g,2503045,public,self,"Even though I‚Äôm not ripped, should I tan to get a little color for the spring and summer?",0,[],1.0,https://www.reddit.com/r/AskMen/comments/mgk93a/even_though_im_not_ripped_should_i_tan_to_get_a/,all_ads,6,[],text,t2_4co6azme,False,False,[removed],,,
88,[],False,LifetimeOfRepeat,,,,,[],,False,False,1617122390,self.AskMen,https://www.reddit.com/r/AskMen/comments/mgk68c/how_often_do_you_ask_a_girlwoman_how_old_she_is/,{},mgk68c,True,False,False,False,True,True,False,,[],dark,text,False,False,False,24,0,False,all_ads,/r/AskMen/comments/mgk68c/how_often_do_you_ask_a_girlwoman_how_old_she_is/,False,6,,1617122401,1,True,False,False,AskMen,t5_2s30g,2503036,public,self,"how often do you ask a girl/woman how old she is, before flirting/making a move on her? what age gap do you deem inappropriate?",0,[],1.0,https://www.reddit.com/r/AskMen/comments/mgk68c/how_often_do_you_ask_a_girlwoman_how_old_she_is/,all_ads,6,[],text,t2_5loib06t,False,False,"my apologies in case this post comes off as crude, and is poorly worded.",,,
89,[],False,ju11995,,,,,[],,False,False,1617121866,self.AskMen,https://www.reddit.com/r/AskMen/comments/mgjzbo/how_often_do_you_masturbate/,{},mgjzbo,True,False,False,False,True,True,False,,[],dark,text,False,False,False,9,0,False,all_ads,/r/AskMen/comments/mgjzbo/how_often_do_you_masturbate/,False,6,,1617121877,1,True,False,False,AskMen,t5_2s30g,2503025,public,self,How often do you masturbate ?,0,[],1.0,https://www.reddit.com/r/AskMen/comments/mgjzbo/how_often_do_you_masturbate/,all_ads,6,[],text,t2_ks4auli,False,True,,,,
90,[],False,OW2000,,,,,[],,False,False,1617121768,self.AskMen,https://www.reddit.com/r/AskMen/comments/mgjy28/how_can_one_improve_their_self_confidence_and_not/,{},mgjy28,True,False,False,False,True,True,False,,[],dark,text,False,False,False,7,0,False,all_ads,/r/AskMen/comments/mgjy28/how_can_one_improve_their_self_confidence_and_not/,False,6,,1617121779,1,True,False,False,AskMen,t5_2s30g,2503024,public,self,How can one improve their self confidence and not feel inadequate/compare themself to other guys?,0,[],1.0,https://www.reddit.com/r/AskMen/comments/mgjy28/how_can_one_improve_their_self_confidence_and_not/,all_ads,6,[],text,t2_4w3sj1v2,False,False,,,,
91,[],False,4menmeme,,,,,[],,False,False,1617121653,self.AskMen,https://www.reddit.com/r/AskMen/comments/mgjwl1/how_do_i_stay_friends_with_my_ex/,{},mgjwl1,True,False,False,False,True,True,False,,[],dark,text,False,False,True,21,0,False,all_ads,/r/AskMen/comments/mgjwl1/how_do_i_stay_friends_with_my_ex/,False,6,,1617121664,1,True,False,False,AskMen,t5_2s30g,2503023,public,self,How do I stay friends with my ex?,0,[],1.0,https://www.reddit.com/r/AskMen/comments/mgjwl1/how_do_i_stay_friends_with_my_ex/,all_ads,6,[],text,t2_9um6za7g,False,False,"Just broke up with my girlfriend of five years (17-22y/o) and we ended well no arguments or anything, it's just best for both of us. How do we stay friends because she has been my best friend for 5 years and a close friend for like 10.",,,
92,[],False,UsedCap6,,,,,[],,False,False,1617121513,self.AskMen,https://www.reddit.com/r/AskMen/comments/mgjup9/if_life_was_a_video_game_then_what_are_the_cheat/,{},mgjup9,True,False,False,False,True,True,False,,[],dark,text,False,False,True,88,0,False,all_ads,/r/AskMen/comments/mgjup9/if_life_was_a_video_game_then_what_are_the_cheat/,False,6,,1617121524,1,True,False,False,AskMen,t5_2s30g,2503019,public,self,If life was a video game then what are the cheat codes?,0,[],1.0,https://www.reddit.com/r/AskMen/comments/mgjup9/if_life_was_a_video_game_then_what_are_the_cheat/,all_ads,6,[],text,t2_60eblzt7,False,False,,,,
93,[],False,Little-fridrich,,,,,[],,False,False,1617121326,self.AskMen,https://www.reddit.com/r/AskMen/comments/mgjs67/men_that_became_like_their_father_do_you_have/,{},mgjs67,True,False,False,False,True,True,False,,[],dark,text,False,False,True,6,0,False,all_ads,/r/AskMen/comments/mgjs67/men_that_became_like_their_father_do_you_have/,False,6,,1617121337,1,True,False,False,AskMen,t5_2s30g,2503011,public,self,"Men that became like their father, do you have your father's bad habits? How do you cope with that knowing that it's bad?",0,[],1.0,https://www.reddit.com/r/AskMen/comments/mgjs67/men_that_became_like_their_father_do_you_have/,all_ads,6,[],text,t2_8uuioshd,False,False,,,,
94,[],False,cake_spaghetti101,,,,,[],,False,False,1617120790,self.AskMen,https://www.reddit.com/r/AskMen/comments/mgjl6k/do_guys_actually_find_their_girlfriends_taking/,{},mgjl6k,False,False,False,False,False,True,False,,[],dark,text,False,False,True,2,0,False,all_ads,/r/AskMen/comments/mgjl6k/do_guys_actually_find_their_girlfriends_taking/,False,6,moderator,1617120801,1,True,False,False,AskMen,t5_2s30g,2502999,public,self,Do guys actually find their girlfriends taking and wearing their clothes endearing?,0,[],1.0,https://www.reddit.com/r/AskMen/comments/mgjl6k/do_guys_actually_find_their_girlfriends_taking/,all_ads,6,[],text,t2_9uob1yob,False,False,[removed],,,
95,[],False,Vingyl_Lygniv,#83acfa,male,Male,light,[],,False,False,1617120774,self.AskMen,https://www.reddit.com/r/AskMen/comments/mgjkxf/any_advice_or_help_on_male_positivityacceptance/,{},mgjkxf,False,False,False,False,False,True,False,,[],dark,text,False,False,True,2,0,False,all_ads,/r/AskMen/comments/mgjkxf/any_advice_or_help_on_male_positivityacceptance/,False,6,moderator,1617120784,1,True,False,False,AskMen,t5_2s30g,2502999,public,self,Any advice or help on Male Positivity/Acceptance?,0,[],1.0,https://www.reddit.com/r/AskMen/comments/mgjkxf/any_advice_or_help_on_male_positivityacceptance/,all_ads,6,"[{'e': 'text', 't': 'Male'}]",richtext,t2_1wofvo6e,False,False,[removed],ea22c17e-cd16-11e1-845d-12313b0ce1e2,,
96,[],False,MankMinkMunk,,,,,[],,False,False,1617120639,self.AskMen,https://www.reddit.com/r/AskMen/comments/mgjj3j/do_you_prefer_listening_to_male_vocalists_or/,{},mgjj3j,False,False,False,False,False,True,False,,[],dark,text,False,False,True,2,0,False,all_ads,/r/AskMen/comments/mgjj3j/do_you_prefer_listening_to_male_vocalists_or/,False,6,moderator,1617120650,1,True,False,False,AskMen,t5_2s30g,2502997,public,self,Do you prefer listening to male vocalists or female vocalists?,0,[],1.0,https://www.reddit.com/r/AskMen/comments/mgjj3j/do_you_prefer_listening_to_male_vocalists_or/,all_ads,6,[],text,t2_aa4yor47,False,False,[removed],,,
97,[],False,Barnzey9,,,,,[],,False,False,1617120611,self.AskMen,https://www.reddit.com/r/AskMen/comments/mgjipe/agree_or_disagree_if_youre_ugly_you_should_work/,{},mgjipe,False,False,False,False,False,True,False,,[],dark,text,False,False,True,2,0,False,all_ads,/r/AskMen/comments/mgjipe/agree_or_disagree_if_youre_ugly_you_should_work/,False,6,moderator,1617120622,1,True,False,False,AskMen,t5_2s30g,2502996,public,self,"Agree or Disagree? If you‚Äôre ugly, you should work out and get money",0,[],1.0,https://www.reddit.com/r/AskMen/comments/mgjipe/agree_or_disagree_if_youre_ugly_you_should_work/,all_ads,6,[],text,t2_4lh24yym,False,False,[removed],,,
98,[],False,cccbig,,,,,[],,False,False,1617120597,self.AskMen,https://www.reddit.com/r/AskMen/comments/mgjii6/how_should_i_deal_with_a_noisy_daytime_neighbor/,{},mgjii6,False,False,False,False,False,True,False,,[],dark,text,False,False,True,2,0,False,all_ads,/r/AskMen/comments/mgjii6/how_should_i_deal_with_a_noisy_daytime_neighbor/,False,6,moderator,1617120608,1,True,False,False,AskMen,t5_2s30g,2502996,public,self,how should I deal with a noisy daytime neighbor?,0,[],1.0,https://www.reddit.com/r/AskMen/comments/mgjii6/how_should_i_deal_with_a_noisy_daytime_neighbor/,all_ads,6,[],text,t2_c8u8os2,False,False,[removed],,,
99,[],False,Acid_In_My_Eyes,,,,,[],,False,False,1617120259,self.AskMen,https://www.reddit.com/r/AskMen/comments/mgjdvq/whats_the_last_show_you_binged/,{},mgjdvq,True,False,False,False,True,True,False,,[],dark,text,False,False,False,41,0,False,all_ads,/r/AskMen/comments/mgjdvq/whats_the_last_show_you_binged/,False,6,,1617120270,1,True,False,False,AskMen,t5_2s30g,2502981,public,self,What‚Äôs the last show you binged?,0,[],1.0,https://www.reddit.com/r/AskMen/comments/mgjdvq/whats_the_last_show_you_binged/,all_ads,6,[],text,t2_1pi9uz5s,False,False,,,,
